名稱,地址,電話,傳真,服務時間
北基宜花金馬分署,新北市新莊區中平路439號南棟3樓,(02)89956399,(02)89956398,08:30~17:30
基隆就業中心,基隆市中正區中正路102號,(02)24225263,(02)24281514,08:00~17:00(12:00~13:00，值班人員服務)
羅東就業中心,宜蘭縣羅東鎮東榮路二段91號,(03)9542094,(03)9576435,08:00~17:00(12:00~13:00，值班人員服務)
花蓮就業中心,花蓮市國民三街25號,(03)8323262,(03)8356927,08:00~17:00(12:00~13:00，值班人員服務)
玉里就業中心,花蓮縣玉里鎮光復路160號,(03)8882033,(03)8886140,08:00~17:00(12:00~13:00，值班人員服務)
金門就業中心,金門縣金寧鄉伯玉路二段55號,(082)311119,(082)311120,08:00~17:00(12:00~13:00，值班人員服務)
連江就業中心,連江縣南竿鄉介壽村47-4號,(0836)23576,(0836)26304,08:00~17:30(12:00~13:30午休)
基隆就業中心-六堵分站,基隆市七堵區工建北路1-2號,(02)24515020,(02)24524710,08:00~17:00(12:00~13:00，值班人員服務)
青年職涯發展中心(YS),新北市三重區重新路四段12號3樓,(02)29770755,(02)29770765,09:00~18:00(12:30~13:30，值班人員服務)
北基宜花金馬區銀髮人才資源中心,新北市永和區自由街64號1樓,(02)77308878,(02)22310109,08:00~17:00(午休12:00~13:00)
頭城就業服務台,宜蘭縣頭城鎮開蘭路1號,(03)9771650,(03)9771650,08:00~17:00(午休12:00~13:00)
礁溪就業服務台,宜蘭縣礁溪鄉中山路二段3號,(03)9883234,(03)9883234,08:00~17:00(午休12:00~13:00)
蘇澳就業服務台,宜蘭縣蘇澳鎮蘇港路215號,(03)9965300,(03)9965300,08:00~17:00(午休12:00~13:00)
冬山就業服務台,宜蘭縣冬山鄉冬山路100號,(03)9596490,(03)9596490,08:00~17:00(午休12:00~13:00)
五結就業服務台,宜蘭縣五結鄉五結路二段343號,(03)9509912,(03)9509912,08:00~17:00(午休12:00~13:00)
員山就業服務台,宜蘭縣員山鄉員山路一段322號,(03)9232880,(03)9232880,08:00~17:00(午休12:00~13:00)
壽豐就業服務台,花蓮縣壽豐鄉壽山路26號,(03)8650885,(03)8650885,08:00~17:00(午休12:00~13:00)
秀林就業服務台,花蓮縣秀林鄉秀林村12鄰62號,(03)8610803,(03)8610803,08:00~17:00(午休12:00~13:00)
吉安就業服務台,花蓮縣吉安鄉吉安村吉安路二段116號,(03)8529886,(03)8529886,08:00~17:30(午休12:00~13:30)
瑞穗就業服務台,花蓮縣瑞穗鄉成功南路19號,(03)8870507,(03)8870507,08:00~17:00(午休12:00~13:00)
光復就業服務台,花蓮縣光復鄉大華村中華路257號,(03)8700226,(03)8700226,受馬太鞍溪堰塞湖溢流水災影響，自114月9月23日起暫停服務。
三重就業中心(委辦),新北市三重區重新路四段12號1-2樓,(02)29767157,(02)29779906,08:00~17:00(12:00~13:00，值班人員服務)
八里就業服務台(委辦),新北市八里區八里大道18號1樓,(02)26102621,(02)26195714,08:00~17:00(午休12:00~13:00)
泰山就業服務台(委辦),新北市泰山區明志路一段322號,(02)29099551,(02)29008627,08:00~17:00(午休12:00~13:00)
板橋就業中心(委辦),新北市板橋區漢生東路163號,(02)29598856,(02)29587927,08:00~17:00(12:00~13:00，值班人員服務)
鶯歌就業服務台(委辦),新北市鶯歌區仁愛路55號,(02)26780202,(02)26795794,08:00~17:00(午休12:00~13:00)
金山就業服務台(委辦),新北市金山區中正路11號,(02)24980196,(02)24980196,08:00~17:00(午休12:00~13:00)
萬里就業服務台(委辦),新北市萬里區瑪鋉路123號,(02)24921583,(02)24921583,08:00~17:00(午休12:00~13:00)
瑞芳就業服務台(委辦),新北市瑞芳區逢甲路82號,(02)24970933,(02)24970933,每週一、週三、週四與週五08:00~17:00(午休12:00~13:00)
中和就業中心(委辦),新北市中和區景安路118號1、2樓,(02)22461250,(02)22461660,08:00~17:00(12:00~13:00，值班人員服務)
石碇就業服務台(委辦),新北市石碇區碇坪路一段37號,(02)26633204,(02)26633204,08:00~17:00(午休12:00~13:00)
烏來就業服務台(委辦),新北市烏來區忠治里新烏路五段111號,(02)26617418,(02)26617418,每週一、週二、週四與週五08:00~17:00(午休12:00~13:00)
坪林就業服務台(委辦),新北市坪林區坪林街101號,(02)26657823,(02)26657823,08:00~17:00(午休12:00~13:30)
深坑就業服務台(委辦),新北市深坑區深坑街10號,(02)26643688,(02)26643688,08:00~17:00(午休12:00~13:00)
新北市政府就業服務處,新北市中和區景安路155號,(02)22465066,(02)22465099,08:00~18:00
新莊就業服務站,新北市新莊區中正路80之1號5樓,(02)22066196,(02)22066235,08:00~17:00(12:00~13:00，值班人員服務)
汐止就業服務站,新北市汐止區新台五路一段268號,(02)86923963,(02)86924059,08:00~17:00(12:00~13:00，值班人員服務)
林口就業服務台,新北市林口區文化一路一段15巷2之1號1樓,(02)26000178,(02)86014228,08:00-17:00(午休12:00~13:00)
土城就業服務台,新北市土城區金城路一段101號,(02)82623500,(02)82623501,08:00~17:30(午休12:00~13:30)
五股就業服務台,新北市五股區五工六路9號,(02)22988527,(02)89903881,08:00~17:00(午休112:00~13:00)
淡水就業服務台,新北市淡水區中正東路二段73號,(02)28083525,(02)28083526,08:00~17:00(12:00~13:00，值班人員服務)
新店就業服務台,新北市新店區北新路一段86號7樓之1,(02)89111750,(02)89147208,08:00~17:00(12:00~13:00，值班人員服務)
永和就業服務台,新北市永和區竹林路200號,(02)29237590,(02)29250538,08:00~17:00(午休12:00~13:00)
樹林就業服務台,新北市樹林區保安街一段7號4樓,(02)26819453,(02)26819451,08:00~17:00(12:00~13:00，值班人員服務)
蘆洲就業服務台,新北市蘆洲區三民路95號,(02)82858397,(02)22880436,08:00~17:00(午休12:00~13:00)
三峽就業服務台,新北市三峽區中山路17號,(02)26711017,(02)26718861,08:00~17:00(午休12:00~13:00)
新北市板橋銀髮人才服務據點,新北市板橋區萬板路143號,(02)22575218,(02)22591856,08:30~17:30(午休12:30-13:30)
新北市三重銀髮人才服務據點,新北市三重區重新路4段12號7樓,(02)89732677,(02)89732680,08:30~17:30(午休12:30-13:30)
新北市林口銀髮人才服務據點,新北市林口區文化一路一段15巷2之1號1樓,(02)26097000,(02)86014228,08:00-17:00(午休12:00-13:.00)
新北市原住民族就業服務據點,新北市新店區大新街36號,(02)89116211,(02)89116211,08:30~17:30(午休12:30-13:30)
臺北市就業服務處,臺北市萬華區艋舺大道101號8樓,(02)23085230,(02)23085359,08:30~17:30
艋舺就業服務站,臺北市萬華區艋舺大道101號3樓,(02)23085231,(02)23085352,09:00~17:00，中午不休息。
西門就業服務站,臺北市萬華區峨眉街81號,(02)23813344,(02)23719805,09:00~17:00，中午不休息。
北投就業服務站,臺北市北投區中央北路1段2號3樓,(02)28981819,(02)28981512,09:00~17:00，中午不休息。
內湖就業服務站,臺北市內湖區民權東路六段99號7樓(內湖區行政中心7樓),(02)27900399,(02)27901030,09:00~17:00，中午不休息。
信義就業服務站,臺北市信義區福德街86號8樓,(02)27293138,(02)27294758,09:00~17:00，中午不休息。
南港東明青銀就業服務站,臺北市南港區南港路二段60巷19號1、2樓,(02)27400922,(02)27403955,09:00~17:00，中午不休息。
景美就業服務站,臺北市文山區羅斯福路六段393號2樓,(02)89315334,(02)89315333,09:00~17:00，中午不休息。
個案管理資源站,臺北市文山區羅斯福路六段393號3樓,(02)29302696,(02)29301231,08:30~17:30(午休12:30~13:30，值班人員服務)
臺北車站就業服務台,臺北市中正區北平西路3號1樓西南區就業服務台,(02)23811278,(02)23758499,09:00~17:00，中午不休息。
萬華就業服務台,臺北市萬華區梧州街36號5樓,(02)23080236,(02)23080663,09:00~17:00，中午不休息。
臺北青年職涯發展中心(TaipeiYouthSalon),臺北市中正區仁愛路一段17號2樓,(02)23958567,(02)23512504,每週二至週日9:00~18:00(午休12：30~13：30)
臺北市南港銀髮人才服務據點,臺北市南港區南港路二段60巷18號,(02)27861660,(02)27861670,09:00~17:00，中午不休息。
臺北市文山銀髮人才服務據點,臺北市文山區興隆路二段88號2樓,(02)29307989,(02)29306679,09:00~17:00，中午不休息。
臺北市原住民族就業服務據點,臺北市南港區向陽路49號,(02)27828740,(02)26516375,08:30~17:30(午休12:30~13:30)
宜蘭縣政府勞工處,宜蘭市南津里13鄰縣政北路1號,(03)9251000,(03)9251093,08:00~17:00
宜蘭縣政府勞工處就業服務台,宜蘭市縣政北路1號,(03)9255130,(03)9251092,08:00~17:00(12:00~13:00午休)
宜蘭縣銀髮人才服務據點,宜蘭縣宜蘭市公園路465號1樓,(03)9255455,(03)9254755,08:00~17:00(12:00~13:00午休)
基隆市銀髮人才服務據點,基隆市仁愛區愛三路9號4樓之4,(02)24285655,(02)24285665,08:00~17:30(午休12:30~13:30)
金門縣銀髮人才服務據點,金門縣金城鎮民權路173號,(082)318823,(082)371514,08:00~17:00(午休12:00~13:30)
花蓮縣銀髮人才服務據點,花蓮市國聯二路151號,(03)8320501,(03)8320506,08:00~17:30(午休12:00~13:30)
桃竹苗分署,桃園市楊梅區秀才路851號,(03)4855368,(03)4881308,08:00~17:00
竹北就業中心,新竹縣竹北市光明九路7-3號,(03)5542564,(03)5542567,08:00~17:00(12:00~13:00，值班人員服務)
新竹就業中心,新竹市光華東街56號,(03)5343011,(03)5343013,08:00~17:00(12:00~13:00，值班人員服務)
苗栗就業中心,苗栗縣苗栗市中山路558號1樓,(037)358395,(037)320236,08:00~17:00(12:00~13:00，值班人員服務)
賈桃樂學習主題館,新竹市光華東街56號(新竹就業中心內),(03)5343011,(03)5343013,08:00~17:00(12:00~13:00，值班人員服務)
桃竹苗區銀髮人才資源中心,新竹縣竹北市縣政六路18號,(03)5583456,(03)6570901,08:00~17:00(午休12:00~13:00)
中壢就業中心(委辦),桃園市中壢區新興路182號,(03)4681106,(03)4681131,08:00~17:00(12:00~13:00，值班人員服務)
桃園就業中心(委辦),桃園市桃園區縣府路59號,(03)3333005,(03)3322636,08:00~17:00(12:00~13:00，值班人員服務)
竹東就業服務台,新竹縣竹東鎮杞林路85號,(03)5964646,(03)5964646,08:00~17:00(午休12:00~13:00)
新豐就業服務台,新竹縣新豐鄉新市路93號,(03)5574215,(03)5574215,08:00~17:00(午休12:00~13:00)
新埔就業服務台,新竹縣新埔鎮田新路600號,(03)5885141,(03)5885141,08:00~17:00(午休12:00~13:00)
芎林就業服務台,新竹縣芎林鄉上山村文富街133號1樓,(03)5922499,(03)5922499,08:00~17:00(午休12:00~13:00)
橫山就業服務台,新竹縣橫山鄉新興村新興街110號,(03)5934765,(03)5934765,08:00~17:00(午休12:00~13:00)
寶山就業服務台,新竹縣寶山鄉雙溪村雙園路二段325號,(03)5293792,(03)5293792,08:00~17:00(午休12:00~13:00)
北埔就業服務台,新竹縣北埔鄉中山路20號,(03)5803317,(03)5803317,08:00~17:00(午休12:00~13:00)
峨眉就業服務台,新竹縣峨眉鄉峨眉村獅山街28號,(03)5809073,(03)5809073,08:00~17:00(午休12:00~13:00)
關西就業服務台,新竹縣關西鎮正義路51號,(03)5874130,(03)5874130,08:00~17:00(午休12:00~13:00)
尖石就業服務台,新竹縣尖石鄉嘉樂村2鄰70號,(03)5841891,(03)5841891,08:00~17:00(午休12:00~13:00)
五峰就業服務台,新竹縣五峰鄉大隘村6鄰98號,(03)5851372,(03)5851372,08:00~17:00(午休12:00~13:00)
湖口就業服務台,新竹縣湖口鄉中央街1號,(03)5997248,(03)5997248,08:00~17:00(午休12:00~13:00)
新竹產業園區就業服務台,新竹縣湖口鄉中華路22號,(03)5981940,(03)5986810,08:00~17:00(午休12:00~13:00)
新竹科學園區就業服務台,新竹市東區工業東二路1號3樓,(03)5774677,(03)5775787,08:00~17:00(午休12:00~13:00)
竹南科學園區就業服務台,苗栗縣竹南鎮科研路36號,(037)581027,(037)580697,08:00~17:00(午休12:00~13:00)
竹南就業服務台,苗栗縣竹南鎮中正路112號,(037)476420,(037)476420,08:00~17:00(午休12:00~13:00)
頭份就業服務台,苗栗縣頭份市中山路232號,(037)683349,(037)683349,08:00~17:00(午休12:00~13:00)
苑裡就業服務台,苗栗縣苑裡鎮信義路1號,(037)863225,(037)863225,08:00~17:00(午休12:00~13:00)
後龍就業服務台,苗栗縣後龍鎮中山路152號,(037)732067,(037)732067,08:00~17:00(午休12:00~13:00)
通霄就業服務台,苗栗縣通霄鎮中正路8號,(037)760775,(037)760775,08:00~17:00(午休12:00~13:00)
公館就業服務台,苗栗縣公館鄉玉泉村14鄰368之10號,(037)235312,(037)235312,08:00~17:00(午休12:00~13:00)
銅鑼就業服務台,苗栗縣銅鑼鄉永樂路15號,(037)981440,(037)981440,08:00~17:00(午休12:00~13:00)
三義就業服務台,苗栗縣三義鄉廣盛村新生路9之21號(廣盛村辦公室內),(037)870991,(037)870991,每週一、週三、週四與週五08:00~17:00(午休12:00~13:00)
大湖就業服務台,苗栗縣大湖鄉忠孝路69號3樓(老人文康活動中心內),(037)990537,(037)990537,每週二、週五08:00~17:00(午休12:00~13:00)
西湖就業服務台,苗栗縣西湖鄉三湖村1鄰店仔街1之3號(西湖鄉公所內),(037)920160,(037)920160,每週一、週三14:00-17:00
三灣就業服務台,苗栗縣三灣鄉三灣村16鄰和平街68號,(037)833361,(037)833361,每週一、週二、週三與週四08:00-12:00
南庄就業服務台,苗栗縣南庄鄉東村大同路3號,(037)822442,(037)822442,每週一、週三與週五08:00~17:00(午休12:00~13:00)每週二、週四14:00-17:00
泰安就業服務台,苗栗縣泰安鄉清安村洗水坑60之3號2樓,(037)941108,(037)941108,每週二09:00-16:00(午休12:00~13:00)
卓蘭就業服務台,苗栗縣卓蘭鎮新厝里中山路127號,(04)25899011,(04)25899011,08:00~17:00(午休12:00~13:00)
造橋就業服務台,苗栗縣造橋鄉造橋村14鄰老庄3-1號,(037)544557,(037)544557,08:00~17:00(午休12:00~13:00)
北苗就業服務台,苗栗縣苗栗市中華路143號,(037)277785,(037)277785,暫不對外開放
桃園市政府就業職訓服務處,桃園市桃園區民生路650號2樓,(03)3322101,(03)3330247,08:00~17:00
桃園就業服務台,桃園市桃園區民生路650號,(03)3347256,(03)3330247,08:00~17:00(午休12:00~13:00)
中壢就業服務台,桃園市中壢區環北路380號,(03)4252259,(03)4252269,08:00~17:00(午休12:00~13:00)
平鎮就業服務台,桃園市平鎮區振興路5號,(03)4587885,(03)4588500,08:00~17:00(午休12:00~13:00)
大園就業服務台,桃園市大園區中正西路12號,(03)3856074,(03)3859866,08:00~17:00(午休12:00~13:00)
觀音就業服務台,桃園市觀音區觀新路56號,(03)4738038,(03)4738100,08:00~17:00(午休12:00~13:00)
龜山就業服務台,桃園市龜山區中山街26號,(03)3599795,(03)3599823,08:00~17:00(午休12:00~13:00)
楊梅就業服務台,桃園市楊梅區大成路2號,(03)4856886,(03)4855123,08:00~17:00(午休12:00~13:00)
八德就業服務台,桃園市八德區中山路47號,(03)3653602,(03)3655679,08:00~17:00(午休12:00~13:00)
蘆竹就業服務台,桃園市蘆竹區南崁路150號,(03)3126720,(03)3225808,08:00~17:00(午休12:00~13:00)
大溪就業服務台,桃園市大溪區普濟路11號,(03)3885835,(03)3885839,08:00~17:00(午休12:00~13:00)
龍潭就業服務台,桃園市龍潭區中興路690號,(03)4804253,(03)4704653,08:00~17:00(午休12:00~13:00)
新屋就業服務台,桃園市新屋區中山路265號,(03)4773391,(03)4773393,08:00~17:00(午休12:00~13:00)
桃園市銀髮人才服務據點,桃園市桃園區崇法街4號,(03)3012207,(03)3012209,08:00-17:00(午休12:00-13:00)
桃園市原住民族就業服務據點,桃園市中壢區中山東路4段36號1樓,(03)4663358,(03)4663319,08:00-17:00(午休12:00-13:00)
新竹市銀髮人才服務據點,新竹市東區龍山西路99號1樓,(03)5795686,(03)5795568,08:00-17:00(午休12:00-13:00)
苗栗縣銀髮人才服務據點,苗栗縣苗栗市縣府路102號1樓,(037)370591,(037)370592,08:00-17:00(午休12:00-13:00)
新竹縣銀髮人才服務據點,新竹縣湖口鄉光復東路115號,(03)6960016,(03)6960075,08:00-17:00(午休12:00-13:00)
中彰投分署,台中市西屯區工業區一路100號,(04)23592181,(04)23552039,08:00~17:00
彰化就業中心,彰化市中山路二段838號,(04)7274271,(04)7296628,08:00~17:00(12:00~13:00，值班人員服務)
員林就業中心,彰化縣員林市靜修東路33號,(04)8345369,(04)8367573,08:00~17:00(12:00~13:00，值班人員服務)
南投就業中心,南投縣南投市彰南路二段117號,(049)2224094,(049)2222834,08:00~17:00(12:00~13:00，值班人員服務)
南投就業中心-埔里分站,南投縣埔里鎮北辰街101號,(049)2990195,(049)2990728,08:00~17:00(午休12:00~13:00)
青年職涯發展中心,臺中市西區市府路6號,(04)22222700,(04)22220651,每週二至週六09:00~18:00(12:00~13:00，值班人員服務)
中彰投區銀髮人才資源中心,臺中市北區中清路一段98號,(04)22030300,(04)22039661,08:00~17:00(午休12:00~13:00)
豐原就業中心(委辦),臺中市豐原區社興路37號,(04)25271812,(04)25253993,08:00~17:00(12:00~13:00，值班人員服務)
石岡就業服務台(委辦),臺中市石岡區豐勢路134號2F,(04)25811151,(04)25811161,08:00~17:00(午休12:00~13:00)
和平就業服務台(委辦),臺中市和平區南勢里東關路三段156號,(04)25943083,(04)25941158,08:00~17:00(午休12:00~13:00)
新社就業服務台(委辦),臺中市新社區復盛里興社街二段28-1號,(04)25810882,(04)25826437,08:00~17:00(午休12:00~13:00)
大雅就業服務台(委辦),臺中市大雅區雅環路二段299號,(04)25605892,(04)25691783,08:00~17:00(午休12:00~13:00)
神岡就業服務台(委辦),臺中市神岡區神圳路2之1號,(04)25631565,(04)25611365,08:00~17:00(午休12:00~13:00)
后里就業服務台(委辦),臺中市后里區福音路89號,(04)25584691,(04)25582763,08:00~17:00(午休12:00~13:00)
潭子就業服務台(委辦),臺中市潭子區加工區建國路1號,(04)25346908,(04)25346903,08:00~17:00(午休12:00~13:00)
中科就業服務台(委辦),臺中市大雅區中科路6之1號,(04)25607437,(04)25688320,08:30~17:30(午休12:30~13:30)
沙鹿就業中心(委辦),臺中市沙鹿區中山路658號(沙鹿區勞工服務中心1樓),(04)26231955,(04)26233663,08:00~17:00(12:00~13:00，值班人員服務)
龍井就業服務台(委辦),臺中市龍井區沙田路四段247號,(04)26352049,(04)26355045,08:00~17:00(午休12:00~13:00)
中港就業服務台(委辦),臺中市梧棲區大觀路6號,(04)26595180,(04)26595042,08:00~17:00(午休12:00~13:00)
梧棲就業服務台(委辦),臺中市梧棲區雲集街70巷1號,(04)26584167,(04)26584521,08:00~17:00(午休12:00~13:00)
清水就業服務台(委辦),臺中市清水區中社里鎮政路101號,(04)26283542,(04)26277392,08:00~17:00(午休12:00~13:00)
大安就業服務台(委辦),臺中市大安區中庄村中山南路356號2樓,(04)26714034,(04)26715477,08:00~17:00(午休12:00~13:00)
外埔就業服務台(委辦),臺中市外埔區大同村六分路390號,(04)26837952,(04)26838046,08:00~17:00(午休12:00~13:00)
臺中就業中心(委辦),臺中市市府路59-1號,(04)22225153,(04)22272406,08:00~17:00(12:00~13:00，值班人員服務)
太平就業服務台(委辦),臺中市太平區中平路144號,(04)22799570,(04)22750421,08:00-17:00(午休12:00-13:00)
霧峰就業服務台(委辦),臺中市霧峰區四德路10號,(04)23308102,(04)23396250,08:00-17:00(午休12:00-13:00)
烏日就業服務台(委辦),臺中市烏日區烏日村新興路316號,(04)23367438,(04)23379061,08:00-17:00(午休12:00-13:00)
芬園就業服務台,彰化縣芬園鄉芬草路二段290號,(04)92521436,(04)92511516,08:00-17:00(午休12:00-13:00)
花壇就業服務台,彰化縣花壇鄉彰員路二段586號,(04)7876017,(04)7883100,08:00-17:00(午休12:00-13:00)
秀水就業服務台,彰化縣秀水鄉中山路290號,(04)7686205,(04)7699489,08:00-17:00(午休12:00-13:00)
福興就業服務台,彰化縣福興鄉橋頭村彰鹿路7段495號,(04)7748611,(04)7841460,08:00-17:00(午休12:00-13:00)
線西就業服務台,彰化縣線西鄉和線路983號,(04)7586352,(04)7589378,08:00-17:00(午休12:00-13:00)
溪州就業服務台,彰化縣溪州鄉尾厝村溪下路四段560號,(04)8891203,(04)8894781,08:00-17:00(午休12:00-13:00)
埔心就業服務台,彰化縣埔心鄉義民村員鹿路二段344號,(04)8280886,(04)8296667,08:00-17:00(午休12:00-13:00)
二水就業服務台,彰化縣二水鄉裕民村南通路二段764號,(04)8798013,(04)8798139,08:00-17:00(午休12:00-13:00)
埤頭就業服務台,彰化縣埤頭鄉合興村斗苑西路138號,(04)8925246,(04)8920603,08:00-17:00(午休12:00-13:00)
芳苑就業服務台,彰化縣芳苑鄉芳苑村斗苑路芳苑段202號,(04)8981033,(04)8985529,08:00-17:00(午休12:00-13:00)
大城就業服務台,彰化縣大城鄉東城村中平路185號,(04)8941532,(04)8946675,08:00-17:00(午休12:00-13:00)
埔鹽就業服務台,彰化縣埔鹽鄉好修村中正路192號,(04)8651414,(04)8658727,08:00-17:00(午休12:00-13:00)
北斗就業服務台,彰化縣北斗鎮公所街2號,(04)8781676,(04)8782875,08:00-17:00(午休12:00-13:00)
永靖就業服務台,彰化縣永靖鄉永西村瑚璉路230號,(04)8240409,(04)8245641,08:00-17:00(午休12:00-13:00)
社頭就業服務台,彰化縣社頭鄉社斗路一段295號,(04)8711265,(04)8739448,08:00-17:00(午休12:00-13:00)
大村就業服務台,彰化縣大村鄉大村村中正西路338號,(04)8524005,(04)8534681,08:00-17:00(午休12:00-13:00)
竹塘就業服務台,彰化縣竹塘鄉竹林路一段305號,(04)8976153,(04)8976589,08:00-17:00(午休12:00-13:00)
南投就業服務台,南投市中興路660號,(049)2245727,(049)2245941,08:00-17:30(午休12:00-13:30)
草屯就業服務台,南投縣草屯鎮中山里草鞋墩一街8號,(049)2310955,(049)2310974,08:00-17:30(午休12:00-13:30)
竹山就業服務台,南投縣竹山鎮延平一路5號,(049)2642984,(049)2657814,08:00-17:00(午休12:00-13:00)
名間就業服務台,南投縣名間鄉中正村彰南路26號,(049)2736481,(049)2737910,08:00-17:00(午休12:00-13:00)
水里就業服務台,南投縣水里鄉民生路112號,(049)2771693,(049)2771978,08:00-17:00(午休12:00-13:00)
集集就業服務台,南投縣集集鎮民生路61號,(049)2760924,(049)2764467,08:00-17:00(午休12:00-13:00)
鹿谷就業服務台,南投縣鹿谷鄉鹿谷村中正路二段73號,(049)2750963,(049)2754340,08:00-17:00(午休12:00-13:00)
信義就業服務台,南投縣信義鄉明德村玉山路47號,(049)2791123,(049)2791956,08:00-17:00(午休12:00-13:00)
中寮就業服務台,南投縣中寮鄉永平村永平路270號,(049)2694148,(049)2694614,08:00-17:00(午休12:00-13:00)
國姓就業服務台,南投縣國姓鄉石門村國姓路267號,(049)2720906,(049)2720573,08:00-17:00(午休12:00-13:00)
仁愛就業服務台,南投縣仁愛鄉大同村仁和路29號,(049)2802534,(049)2990728,每週三、週五08:00-12:00(分機502)
魚池就業服務台,南投縣魚池鄉魚池村秀水路233號,(049)2895371,(049)2990728,每週二、週四08:00-12:00(分機82)
臺中產業園區就業服務台,臺中西屯區工業區五路2號1樓 ,(04)23592974,(04)23595573,08:00-17:30(午休12:00-13:30)
臺中市就業服務處,臺中市南屯區精科路26號2樓,(04)22289111,(04)23553140,08:00~17:00
市府就業服務台,臺中市西屯區臺灣大道三段99號文心樓1樓,(04)22289111,(04)22520674,08:00~17:00(午休12:00~13:00)
仁和就業服務台,臺中市東區仁和路362-1號,(04)22808369,(04)22803929,08:00~17:00(午休12:00~13:00)
大甲就業服務台,臺中市大甲區民權路52號,(04)26801493,(04)26801495,08:00~17:00(午休12:00~13:00)
大肚就業服務台,臺中市大肚區沙田路二段646號,(04)26982240,(04)26982243,08:00~17:00(午休12:00~13:00)
東勢就業服務台,臺中市東勢區北興里豐勢路518號(東勢區公所),(04)25771761,(04)25770651,08:00~17:00(午休12:00~13:00)
大里就業服務台,臺中市大里區中興路一段163號,(04)24852742,(04)24827857,08:00~17:00(午休12:00~13:00)
臺中市銀髮人才服務據點,臺中市東區仁和路362-1號1樓(東區勞工服務中心),(04)22808378,(04)22802312,08:00~17:00(午休12:00~13:00)
臺中市山線地區銀髮人才服務據點,臺中市豐原區陽明街36號1樓(陽明大樓),(04)25250110,(04)25250363,08:00~17:00(午休12:00~13:00)
臺中市海線地區銀髮人才服務據點,台中市大甲區順天路56號1樓,(04)26802291,(04)26805175,08:00~17:00(午休12:00~13:00)
臺中市原住民族就業服務據點,臺中市豐原區圓環南路70號,(04)25255398,(04)25255368,08:00~17:00(午休12:00~13:00)
彰化縣政府勞工處,彰化市中興路100號8樓,(04)7532462,(04)7271993,08:00~17:00
勞工處就業服務台,彰化市中興路100號1樓,(04)7532492,(04)7271993,08:00~17:00(午休12:00~13:00)
和美就業服務台,彰化縣和美鎮鹿和路六段337號(和美鎮公所內),(04)7568509,(04)7566553,08:00~17:00(午休12:00~13:00)
鹿港就業服務台,彰化縣鹿港鎮中正路531號1樓,(04)7840846,(04)7840848,08:00~17:00(午休12:00~13:00)
全興就業服務台,彰化縣伸港鄉興工路67號2樓(經濟部全興產業園區服務中心內2樓),(04)7977241,(04)7977243,08:00~17:00(午休12:00~13:00)
溪湖就業服務台,彰化縣溪湖鎮青雅路58號(溪湖鎮公所內),(04)8820716,(04)8820692,08:00~17:00(午休12:00~13:00)
田尾就業服務台,彰化縣田尾鄉饒平村公所路201號(田尾鄉公所內),(04)8836577,(04)8836576,08:00~17:00(午休12:00~13:00)
二林就業服務台,彰化縣二林鎮斗苑路四段636號(二林鎮公所前),(04)8969657,(04)8969664,08:00~17:00(午休12:00~13:00)
田中就業服務台,彰化縣田中鎮明慶街158號(田中地政事務所內),(04)8757001,(04)8756990,08:00~17:00(午休12:00~13:00)
彰化縣銀髮人才服務據點,彰化縣彰化市長壽街189號1樓,(04)7285155,(04)7285619,08:00~17:00(午休12:00~13:00)
南投縣銀髮人才服務據點,南投縣南投市復興路98-3號,(049)2245580,(049)2245560,08:00~17:30(午休12:00~13:30)
雲嘉南分署,臺南市官田區二鎮里工業路40號,(06)6985945,(06)6990545,08:00~17:00
臺南就業中心,臺南市東區衛民街19號,(06)2371218,(06)2346522,08:00~17:00(12:00~13:00，值班人員服務)
永康就業中心,臺南市永康區東橋里東橋二街18號,(06)2038560,(06)2038502,08:00~17:00(12:00~13:00，值班人員服務)
新營就業中心,臺南市新營區中正路102之3號,(06)6328700,(06)6321423,08:00~17:00(12:00~13:00，值班人員服務)
嘉義就業中心,嘉義市興業東路267號,(05)2240656,(05)2229415,08:00~17:00(12:00~13:00，值班人員服務)
朴子就業中心,嘉義縣朴子市嘉朴路西段87及89號,(05)3621632,(05)3621634,08:00~17:00(12:00~13:00，值班人員服務)
虎尾就業中心,雲林縣虎尾鎮文化路64號,(05)6330422,(05)6330425,08:00~17:00(12:00~13:00，值班人員服務)
斗六就業中心,雲林縣斗六市上海路222之1號,(05)5325105,(05)5345609,08:00~17:00(12:00~13:00，值班人員服務)
青年職涯發展中心(YS),台南市中西區北門路一段173號,(06)3020036,(06)3020036,08:30~17:30(12:00~13:00，值班人員服務)
雲嘉南區銀髮人才資源中心,臺南市東區長榮路一段181號4樓,(06)2751717,(06)2752727,08:00~17:00(12:00~13:00
安平就業服務台,臺南市南區中華西路一段67號,(06)2638438,(06)2617903,08:00~17:00(午休12:00~13:00)
關廟就業服務台,臺南市關廟區香洋里中正路998號,(06)5959298,(06)5959298,08:00~17:00(午休12:00~13:00)
將軍就業服務台,臺南市將軍區忠嘉?忠興190號1?,(06)7945082,(06)7945082,08:00~17:00(午休12:00~13:00)
安定就業服務台,臺南市安定區安定里59之2號,(06)5975508,(06)5975508,08:00~17:00(午休12:00~13:00)
楠西就業服務台,臺南市楠西區楠西里中正路230號,(06)5752114,(06)5752114,08:00~17:00(午休12:00~13:00)
南化就業服務台,臺南市南化區南化里172之1號,(06)5773179,(06)5773179,08:00~17:00(午休12:00~13:00)
仁德就業服務台,臺南市仁德區中正路三段5號,(06)2705650,(06)2705650,08:00~17:30(午休12:00~13:30)
西港就業服務台,臺南市西港區文化路1號,(06)7959308,(06)7959308,08:00~17:30(午休12:00~13:30)
新化就業服務台,臺南市新化區中山路130號,(06)5801241,(06)5801241,08:00~17:30(午休12:00~13:30)
善化就業服務台,臺南市善化區建國路194號,(06)5834670,(06)5834670,08:00~17:30(午休12:00~13:30)
山上就業服務台,臺南市山上區南洲里325號,(06)5784485,(06)5784485,08:00~17:00(午休12:00~13:00)
大內就業服務台,臺南市大內區大內里1號,(06)5764462,(06)5764462,每週二、週四08:00~17:00(午休12:00~13:00)
玉井就業服務台,臺南市玉井區中正路7號,(06)5744680,(06)5744680,08:00~17:00(午休12:00~13:00)
南科就業服務台,臺南市新市區南科三路26號3樓B室,(06)5051411,(06)5052769,08:00~17:00(午休12:00~13:00)
麻豆就業服務台,臺南市麻豆區東角里忠孝路250號,(06)5715146,(06)5715146,08:00~17:00(午休12:00~13:00)
後壁就業服務台,臺南市後壁區後壁?129號,(06)6851107,(06)6851107,08:00~17:00(午休12:00~13:00)
學甲就業服務台,臺南市學甲區華宗路313號,(06)7824803,(06)7824803,08:00~17:00(午休12:00~13:00)
六甲就業服務台,臺南市六甲區中山路202號,(06)6988411,(06)6988411,08:00~17:00(午休12:00~13:00)
鹽水就業服務台,臺南市鹽水區中山?47號,(06)6801714,(06)6801714,08:00~17:00(午休12:00~13:00)
柳營就業服務台,臺南市柳營區柳營路二段59號,(06)6223160,(06)6223160,08:00~17:00(午休12:00~13:00)
下營就業服務台,臺南市下營區中山路一段170號,(06)6890472,(06)6890472,08:00~17:00(午休12:00~13:00)
民雄就業服務台,嘉義縣民雄鄉中樂村文化路7號,(05)2062635,(05)2062635,08:00~17:00(午休12:00~13:00)
中埔就業服務台,嘉義縣中埔鄉中埔村128號,(05)2534208,(05)2537912,08:00~17:00(午休12:00~13:00)
大林就業服務台,嘉義縣大林鎮平林里18鄰新興街116號,(05)2657941,(05)2657941,08:00~17:00(午休12:00~13:00)
阿里山就業服務台,嘉義縣阿里山鄉樂野村2鄰69號,(05)2561562,(05)2561562,08:00~17:00(午休12:00~13:00)
竹崎就業服務台,嘉義縣竹崎鄉中山路59號,(05)2613922,(05)2613922,08:00~17:00(午休12:00~13:00)
溪口就業服務台,嘉義縣溪口鄉溪北村中山路89號,(05)2694635,(05)2694635,08:00~17:00(午休12:00~13:00)
六腳就業服務台,嘉義縣六腳鄉蒜頭村73號,(05)3801509,(05)3801509,08:00~17:00(午休12:00~13:00)
布袋就業服務台,嘉義縣布袋鎮興中里自由路2號,(05)3470423,(05)3470423,08:00~17:00(午休12:00~13:00)
東石就業服務台,嘉義縣東石鄉東石村3之5號,(05)3733412,(05)3733412,08:00~17:00(午休12:00~13:00)
義竹就業服務台,嘉義縣義竹鄉仁里村389號,(05)3411907,(05)3411907,08:00~17:00(午休12:00~13:00)
鹿草就業服務台,嘉義縣鹿草鄉馬稠後園區二路20號,(05)3750062,(05)3750062,08:00~17:00(午休12:00~13:00)
新港就業服務台,嘉義縣新港鄉新民路176號,(05)3744581,(05)3744581,08:00~17:00(午休12:00~13:00)
水上就業服務台,嘉義縣水上鄉柳新村柳子林66號,(05)2685309,(05)2689014,08:00~17:00(午休12:00~13:00)
北港就業服務台,雲?縣?港鎮光明?39 號（?港?政辦公室）,(05)7835644,(05)7820012,08:00~17:00(午休12:00~13:00)
麥寮就業服務台,雲林縣麥寮鄉麥津村中興路119號,(05)6938422,(05)6938422,08:00~17:30(午休12:00~13:30)
口湖就業服務台,雲林縣口湖鄉湖東村中正路一段118號,(05)7891779,(05)7891779,08:00~17:30(午休12:00~13:30)
褒忠就業服務台,雲林縣褒忠鄉中正路451號,(05)6977562,(05)6977562,08:00~17:30(午休12:00~13:30)
元長就業服務台,雲林縣元長鄉長南村元南路17號,(05)7884489,(05)7884489,08:00~17:30(午休12:00~13:30)
土庫就業服務台,雲林縣土庫鎮石廟里中興路175號,(05)6620468,(05)6620468,08:00~17:30(午休12:00~13:30)
臺西就業服務台,雲林縣台西鄉五港村中央路412號,(05)6980469,(05)6980469,08:00~17:00(午休12:00~13:00)
大埤就業服務台,雲林縣大埤鄉北和村中山路8號,(05)5915484,(05)5915484,08:00~17:30(午休12:00~13:30)
斗南就業服務台,雲林縣斗南鎮文昌路200號,(05)5953484,(05)5953484,08:00~17:30(午休12:00~13:30)
莿桐就業服務台,雲林縣莿桐鄉和平路53之3號,(05)5841853,(05)5841853,08:00~17:30(午休12:00~13:30)
崙背就業服務台,雲林縣崙背鄉東明村行政街1號,(05)6960002,(05)6960002,08:00~17:30(午休12:00~13:30)
林內就業服務台,雲林縣林內鄉林中村中正路340號,(05)5890509,(05)5890509,08:00~17:30(午休12:00~13:30)
古坑就業服務台,雲林縣古坑鄉中山路40號,(05)5822840,(05)5822840,08:00~17:30(午休12:00~13:30)
二崙就業服務台,雲林縣二崙鄉崙西村中興路5號,(05)5980889,(05)5980889,08:00~17:30(午休12:00~13:30)
西螺就業服務台,雲林縣西螺鎮廣福里民生路20號,(05)5881103,(05)5881103,08:00~17:30(午休12:00~13:30)
臺南市政府勞工局職訓就服中心,臺南市新營區民治路36號(民治市政中心世紀大樓10樓),(06)6330820,(06)6333022,08:00~17:30
民治就業服務台,臺南市新營區民治路36號(民治市政中心世紀大樓10樓),(06)6330820,(06)6333022,08:00~17:30(午休12:00~13:30)
官田就業服務台,臺南市官田區二鎮里工業路21號,(06)6990302,(06)6935117,08:00~17:00(午休12:00~13:00)
歸仁就業服務台,臺南市歸仁區中山路二段2號(歸仁區公所後棟),(06)3300948,(06)3307292,08:00~17:30(午休12:00~13:30)
新市就業服務台,臺南市新市區新市里中興街12號(新市區公所3樓),(06)5892322,(06)5892324,08:00~17:30(午休12:00~13:30)
佳里就業服務台,臺南市佳里區中山路417號(佳里地政事務所1樓),(06)7236701,(06)7236703,08:00~17:30(午休12:00~13:30)
永華就業服務台,臺南市安平區永華路二段6號(永華市政中心8樓),(06)2930785,(06)2930786,08:00~17:30(午休12:00~13:30)
臺南科技工業區就服務台,臺南市安南區科技公園大道1號,(06)3840346,(06)3842025,08:00~17:00(午休12:00~13:00)
東區就業服務台,臺南市東區崇學路100號,(06)2680622,(06)2687557,08:00~17:30(午休12:00~13:30)
南區就業服務台,臺南市南區明興路2號,(06)2910126,(06)2918042,08:00~17:30(午休12:00~13:30)
中西區就業服務台,臺南市中西區開山路1號,(06)2267151,(06)2235708,08:00~17:30(午休12:00~13:30)
安平區就業服務台,臺南市安平區育平路316號,(06)2951915,(06)2954132,08:00~17:30(午休12:00~13:30)
安南區就業服務台,臺南市安南區安中路二段308號,(06)2567126,(06)2454877,08:00~17:30(午休12:00~13:30)
左鎮就業服務台,臺南市左鎮區中正里176-19號,(06)5731774,(06)5731182,08:00~17:00(午休12:00~13:00)
和順、總頭寮工業區就業服務台,臺南市安南區安和路二段98號(東陽實業),(06)3563883,(06)3563661,08:00~17:00(午休12:00~13:00)
樹谷園區就業服務台,臺南市新市區中心路8號(樹谷園區服務中心1樓),(06)5895432,(06)5894697,08:00~17:00(午休12:00~13:00)
臺南市銀髮人才服務據點,臺南市善化區民族路1號,(06)5832516,(06)5832913,08:00~17:30(午休12:00~13:30)
嘉義縣政府勞工暨青年發展處,嘉義縣太保市祥和新村祥和一路東段1號,(05)3620123,(05)3621272,08:00~17:00
嘉義縣政府就業服務台,嘉義縣太保市祥和新村祥和一路東段1號,(05)3621165,(05)3621272,08:00~17:00(午休12:00~13:00)
嘉義縣銀髮人才服務據點,嘉義縣民雄鄉保生街186號,(05)2265186,(05)2265186,08:00~17:00(午休12:00~13:00)
嘉義市銀髮人才服務據點,嘉義市新民路300號2樓,(05)2850268,(05)2850275,08:00~17:00(午休12:00~13:00)
雲林縣銀髮人才服務據點,雲林縣虎尾鎮林森路1段426號1樓,(05)6329191,(05)6365191,08:00~17:00(午休12:00~13:00)
高屏澎東分署,高雄市前鎮區凱旋四路105號,(07)8210171,(07)8127209,08:00~17:00
屏東就業中心,屏東市復興路446號,(08)7559955,(08)7532009,08:00~17:00(12:00~13:00，值班人員服務)
潮州就業中心,屏東縣潮州鎮昌明路98號,(08)7882214,(08)7889634,08:00~17:00(12:00~13:00，值班人員服務)
臺東就業中心,臺東市博愛路356號,(089)357126,(089)357110,08:00~17:00(12:00~13:00，值班人員服務)
澎湖就業中心,澎湖縣馬公市水源路52號,(06)9271207,(06)9261985,08:00~17:00(12:00~13:00，值班人員服務)
青年職涯發展中心(YouthSalon),高雄市前金區五福三路21號8樓,(07)2313232,(07)2416562,每週二至週日09:00~18:00(12:00~13:00，值班人員服務)
高屏澎東區銀髮人才資源中心,高雄市苓雅區中正一路306號2樓,(07)7252586,(07)7252587,08:00~17:00(12:00~13:00，值班人員服務)
人才資源發展中心,高雄市岡山區岡燕路347號,(07)6220253,(07)6224485,08:00~17:00(12:00~13:00，值班人員服務)
岡山就業中心(委辦),高雄市岡山區民有路27號,(07)6228321,(07)6228700,08:00~17:30(12:00~13:30，值班人員服務)
鳳山就業中心(委辦),高雄市鳳山區中山西路235號,(07)7410243,(07)7410214,08:00~17:30(12:00~13:30，值班人員服務)
那瑪夏就業服務台(委辦),高雄市那瑪夏區達卡努瓦里大光巷230號,(07)6701275,(07)6701171,08:00~17:30(午休12:00~13:30)
桃源就業服務台(委辦),高雄市桃源區桃源里北進巷1號,(07)6861336,(07)6861004,08:00~17:30(午休12:00~13:30)
茂林就業服務台(委辦),高雄市茂林區茂林里8-3號,(07)6801385,(07)6801385,08:00~17:00(午休12:00~13:00)
大樹就業服務台(委辦),高雄市大樹區龍目路158號2樓,(07)6529406,(07)6524081,08:00~17:30(午休12:00~13:30)
甲仙就業服務台(委辦),高雄市甲仙區和安里中山路50號,(07)6751744,(07)6753103,08:00~17:30(午休12:00~13:30)
六龜就業服務台(委辦),高雄市六龜區民治路18號,(07)6892488,(07)6893501,08:00~17:30(午休12:00~13:30)
大社就業服務台(委辦),高雄市大社區大社里自強街1號,(07)3539044,(07)3533801,08:00~17:30(午休12:00~13:30)
林園就業服務台(委辦),高雄市林園區王公路1號1樓,(07)6466185,(07)6415235,08:00~17:30(午休12:00~13:30)
美濃就業服務台(委辦),高雄市美濃區合和里美中路260號,(07)6820711,(07)6818405,08:00~17:30(午休12:00~13:30)
茄萣就業服務台(委辦),高雄市茄萣區濱海路四段27號,(07)6909738,(07)6922408,08:00~17:30(午休12:00~13:30)
橋頭就業服務台(委辦),高雄市橋頭區隆豐路1號,(07)6126883,(07)6114125,08:00~17:30(午休12:00~13:30)
杉林就業服務台(委辦),高雄市杉林區上平里山仙路6號,(07)6774420,(07)6772874,08:00~17:30(午休12:00~13:30)
內門就業服務台(委辦),高雄市內門區內門里內門20號,(07)6674851,(07)6674780,08:00~17:30(午休12:00~13:30)
梓官就業服務台(委辦),高雄市梓官區梓官路258號,(07)6194849,(07)6170414,08:00~17:30(午休12:00~13:30)
阿蓮就業服務台(委辦),高雄市阿蓮區民生路94號,(07)6315428,(07)6312021,08:00~17:30(午休12:00~13:30)
湖內就業服務台(委辦),高雄市湖內區中正路二段77號,(07)6992271,(07)6995601,08:00~17:30(午休12:00~13:30)
彌陀就業服務台(委辦),高雄市彌陀區彌仁里中華路4號,(07)6194850,(07)6193130,08:00~17:30(午休12:00~13:30)
大埔就業服務台,屏東市忠孝路64號,(08)7328711,(08)7328711,08:00~17:00(午休12:00~13:00)
內埔就業服務台,屏東縣內埔鄉文化路183號,(08)7691176,(08)7691176,08:00~17:00(午休12:00~13:00)
新園就業服務台,屏東縣新園鄉仙吉村仙吉路148號,(08)8684386,(08)8687698,08:00~17:00(午休12:00~13:00)
高樹就業服務台,屏東縣高樹鄉興中路329號,(08)7966283,(08)7965947,08:00~17:00(午休12:00~13:00)
鹽埔就業服務台,屏東縣鹽埔鄉鹽南村勝利路32號(鹽埔鄉公所),(08)7936751,(08)7937125,08:00~17:00(午休12:00~13:00)
萬巒就業服務台,屏東縣萬巒鄉萬和村褒忠路9號(農會),(08)7814059,(08)7814059,08:00~17:00(午休12:00~13:00)
泰武就業服務台,屏東縣泰武鄉佳平村169號,(08)7834859,(08)7834958,08:00~17:00(午休12:00~13:00)
瑪家就業服務台,屏東縣瑪家鄉北葉村風景巷85號,(08)7992917,(08)7991031,08:00~17:00(午休12:00~13:00)
里港就業服務台,屏東縣里港鄉過江路43之1號1樓(里港鄉圖書館),(08)7759457,(08)7759457,每週二至週六9:00-18:00(午休13:00-14:00)
九如就業服務台,屏東縣九如鄉九如路二段416號(九如鄉公所1樓),(08)7396002,(08)7392453,08:00~17:00(午休12:00~13:00)
萬丹就業服務台,屏東縣萬丹鄉萬後村和平西路155號(鄉公所),(08)7764741,(08)7773138,08:00~17:00(午休12:00~13:00)
麟洛就業服務台,屏東縣麟洛鄉中山路158號,(08)7213962,(08)7220500,08:00~17:00(午休12:00~13:00)
霧臺就業服務台,屏東縣霧臺鄉霧台村神山巷73號,(08)7902150,(08)7902396,每週二、週四8:00~17:00(午休12:00~13:00)
霧臺台百合部落據點,屏東縣霧臺鄉百合路202號(百合部落園區),(08)7610227,(08)7610226,每週一、週三與週五8:00~17:00(午休12:00~13:00)
三地門就業服務台,屏東縣三地門鄉三地村中正路二段100號(鄉公所),(08)7992918,(08)7993925,08:00~17:00(午休12:00~13:00)
長治就業服務台,屏東縣長治鄉進興村潭頭路1號(長治鄉公所),(08)7360481,(08)7378453,08:00~17:00(午休12:00~13:00)
恆春就業服務台,屏東縣恆春鎮城南里天文路1號,(08)8896481,(08)8897902,08:00~17:30(午休12:00~13:30)
琉球就業服務台,屏東縣琉球鄉上福村中興路39號2樓(社會福利服務中心),(08)8611612,(08)8612661,08:00~17:00(午休12:00~1300)
車城就業服務台,屏東縣車城鄉福興村中山路15號2樓,(08)8821509,(08)8822498,08:00~17:00(午休12:00~13:00)
枋山就業服務台,屏東縣枋山鄉枋山村枋山路82號,(08)8761879,(08)8761555,08:00~17:00(午休12:00~13:00)
滿州就業服務台,屏東縣滿州鄉滿州村中山路43號,(08)8802484,(08)8802075,08:00~17:00(午休12:00~13:00)
牡丹就業服務台,屏東縣牡丹鄉石門村2鄰石門路18號2樓,(08)8831400,(08)8831400,08:00~17:00(午休12:00~13:00)
獅子就業服務台,屏東縣獅子鄉楓林村2巷26號,(08)8771135,(08)8770907,08:00~17:00(午休12:00~13:00)
春日就業服務台,屏東縣春日鄉春日村春日路13號(春日社區活動中心),(08)8787059,(08)8787059,08:00~17:00(午休12:00~13:00)
東港就業服務台,屏東縣東港鎮新勝里新勝街10號,(08)8310710,(08)8327315,08:00~17:00(午休12:00~13:00)
林邊就業服務台,屏東縣林邊鄉光林村和平路53號,(08)8758061,(08)8751009,08:00~17:00(午休12:00~13:00)
竹田就業服務台,屏東縣竹田鄉竹田村中正路123號,(08)7712960,(08)7712481,08:00~17:00(午休12:00~13:00)
佳冬就業服務台,屏東縣佳冬鄉佳冬村文化三路157號(佳冬鄉圖書館),(08)8670502,(08)8669051,每週二至週六08:00~17:00(午休12:00~13:00)
南州就業服務台,屏東縣南州鄉仁里村仁里路11號,(08)8644358,(08)8645690,08:00~17:00(午休12:00~13:00)
新埤就業服務台,屏東縣新埤鄉新埤村中正路40號,(08)7972972,(08)7973133,08:00~17:00(午休12:00~13:00)
崁頂就業服務台,屏東縣崁頂鄉崁頂村中正路230號1樓,(08)8630319,(08)8631882,08:00~17:30(午休12:00~13:30)
來義就業服務台,屏東縣來義鄉古樓村中正路94號,(08)7850886,(08)7851431,08:00~17:00(午休12:00~13:00)
延平就業服務台,臺東縣延平鄉桃源村1鄰昇平路1號,(089)561460,(08)7850554,夏令08:00~17:30(午休12:00~13:30);冬令08:00~17:00(午休12:00~13:00)
鹿野就業服務台,臺東縣鹿野鄉瑞隆村瑞景路一段21號,(089)581006,(089)580110,08:00~17:00(午休12:00~13:00)
關山就業服務台,臺東縣關山鎮中山路54號,(089)813302,(089)811847,08:00~17:00(午休12:00~13:00)
海端就業服務台,臺東縣海端鄉海端村4鄰山界43號,(089)931809,(089)931296,08:00~17:00(午休12:00~13:00)
池上就業服務台,臺東縣池上鄉大埔村大埔49之1號(池上鄉立圖書館),(089)863457,(089)863891,08:00~17:30(午休12:00~13:30)
東河就業服務台,臺東縣東河鄉東河村11鄰南東河311號,(089)896463,(089)896378,08:00~17:00(午休12:00~13:00)
成功就業服務台,臺東縣成功鎮中山路176號,(089)853146,(089)853036,08:00~17:00(午休12:00~13:00)
長濱就業服務台,臺東縣長濱鄉長濱村285之1號(長濱天主堂),(089)830260,(089)830260,08:00~17:00(午休12:00~13:00)
太麻里就業服務台,臺東縣太麻里鄉泰和村民權路58號,(089)780520,(089)782901,08:00~17:00(午休12:00~13:00)
金峰就業服務台,臺東縣金峰鄉嘉蘭村4鄰166號,(089)751138,(089)751129,08:00~17:00(午休12:00~13:00)
大武就業服務台,臺東縣大武鄉尚武村政通三街5號,(089)792051,(089)792710,08:00~17:00(午休12:00~13:00)
達仁就業服務台,臺東縣達仁鄉安朔村9鄰復興路14號,(089)702840,(089)702360,08:00~17:00(午休12:00~13:00)
蘭嶼就業服務台,臺東縣蘭嶼鄉紅頭村31號,(089)731722,(089)732645,08:00~17:00(午休12:00~13:00)
綠島就業服務台,臺東縣綠島鄉南寮村192-2號(鄉民代表會),(089)672275,(089)671108,08:00~17:00(午休12:00~13:00)
白沙就業服務台,澎湖縣白沙鄉赤崁漁港新村20-1號(老人活動中心),(06)9933780,(06)9933780,08:00~17:00(午休12:00~13:00)
湖西就業服務台,澎湖縣湖西鄉湖西村43-11號(湖西鄉公所),(06)9921499,(06)9921499,08:00~17:00(午休12:00~13:00)
西嶼就業服務台,澎湖縣西嶼鄉赤馬村54號(舊赤馬活動中心),(06)9982354,(06)9982354,08:00~17:00(午休12:00~13:00)
望安就業服務台,澎湖縣望安鄉西安村36-7號(望安鄉衛生所),(06)9991152,(06)9991152,08:00~17:00(午休12:00~13:00)
七美就業服務台,澎湖縣七美鄉南港村11鄰1-2號(七美加油站),(06)9971832,(06)9971832,08:00~16:00(中午無休息)
高雄市政府勞工局訓練就業中心,高雄市鹽埕區中正四?274號5?(原高雄國際會議中心),(07)7330823,(07)7330249,08:00~17:30
三民就業服務站,高雄市三民區大順二路468號10樓(三民區民眾活動中心內),(07)3837191,(07)3833421,08:00~17:30(12:00~13:30，值班人員服務)
前鎮就業服務站,高雄市前鎮區鎮中路6號1樓(高雄市勞工行政中心1樓，近前鎮高中捷運站),(07)8220790,(07)8224112,08:00~17:30(12:00~13:30，值班人員服務)
成功就業服務站,高雄市前金區五福三路80號6樓(土地銀行旁),(07)5509848,(07)5509130,08:00~17:30(12:00~13:30，值班人員服務)
楠梓就業服務站,高雄市楠梓區學專路777號2樓(後勁活動中心),(07)3609521,(07)3609523,08:00~17:30(12:00~13:30，值班人員服務)
鳥松就業服務台,高雄市鳥松區中正路98號(鳥松區公所內),(07)7331824,(07)7331804,08:00~17:30(午休12:00~13:30)
旗山就業服務台,高雄市旗山區延平一路495號2樓(高雄市稅捐處旗山分處內),(07)6623656,(07)6623665,08:00~17:30(午休12:00~13:30)
旗津就業服務台,高雄市旗津區旗津三路2號1樓(旗津行政中心),(07)5712706,(07)5715034,09:00~17:30(午休12:00~13:30)
大寮就業服務台,高雄市大寮區捷西路300號(高雄捷運大寮站2號出口2樓),(07)7825009,(07)7825008,08:00~17:30(午休12:00~13:30)
燕巢就業服務台,高雄市燕巢區中安路1號(燕巢區公所內),(07)6162810,(07)6162704,08:00~17:30(午休12:00~13:30)
永安就業服務台,高雄市永安區永工二路1號(永安工業區服務中心前),(07)6245031,(07)6245033,每週二、週四08:00~17:30(午休12:00~13:30)
前鎮就業服務台,高雄市前鎮區高雄加工區中六路與環區一路口(瑞儀光電斜對面),(07)8418227,(07)8231361,08:00~17:00(午休12:00~13:00)
仁武就業服務台,高雄市仁武區工業二路3號(仁大工業區服務中心內),(07)3749554,(07)3749549,08:00~17:00(午休12:00~13:00)
楠梓就業服務台,高雄市楠梓區新建南路8號3樓(楠梓科技產業園區第6號出入口),(07)3640508,(07)3650524,08:00~17:00(午休12:00~13:00)
路竹就業服務台,高雄市路竹區國昌路76號(路竹區公所內),(07)6071047,(07)6071054,08:00~17:30(午休12:00~13:30)
本洲就業服務台,高雄市岡山區本工路17號(岡山本洲工業區服務中心內),(07)6246155,(07)6246156,每週一、週三與週五08:00~17:30(午休12:00~13:30)
高雄市銀髮人才服務據點,高雄市前鎮區翠亨北路225號(高雄捷運前鎮高中站地下一層，近1號出口),(07)8217750,(07)8217760,08:00~17:30(午休12:00~13:30)
北高雄銀髮人才服務據點,高雄市岡山區大遼里9鄰捷安路16號（高雄捷運岡山高醫站1樓，1號出口旁）,(07)6250351,(07)6250352,08:00~17:30(午休12:00~13:30)
高雄市原住民族就業服務據點,高雄市前鎮區翠亨北路390號4樓,(07)8414712,(07)8411697,每週一、週五08:00~17:30(午休12:00~13:30)
屏東縣政府勞動暨青年發展處,屏東市自由路17號,(08)7558048,(08)7515390,08:00~17:00
屏東就業服務台,屏東市自由路17號1樓,(08)7534984,(08)7517812,08:00~17:00(午休12:00~13:00)
枋寮就業服務台,屏東縣枋寮鄉德興街183號,(08)8780002,(08)8780027,08:00~17:00(12:00~13:00，值班人員服務)
屏東縣銀髮人才服務據點,屏東市自由路17號1樓,(08)7327596,(08)7327596,08:00~17:00(午休12:00~13:00)
屏東原住民族就業服務據點,屏東縣來義鄉來新路8號,(08)7870021,(08)7870031,08:00~17:00(午休12:00~13:00)
臺東縣政府杜會處,臺東縣臺東市桂林北路201號,(089)328254,(089)341296,08:00~17:00
臺東縣銀髮人才服務據點,臺東縣臺東市更生路211號,(089)333603,(089)333603,08:00~17:00(午休12:00~13:00)
