"統計期","勞工保險投保單位數[家]","勞工保險投保人數[人]","勞工保險給付件數[件]","勞工保險給付金額[千元]","市府推介就業服務/新登記求職人數[人]","市府推介就業服務/新登記求才人數[人]","市府推介就業服務/有效求職推介就業人數[人]","市府推介就業服務/有效求才僱用人數[人]","市府推介就業服務/求職就業率[%]","市府推介就業服務/求才利用率[%]","重大職業災害發生件數[件]","重大職業災害死亡人數[人]"
"87年 1月",88803,1898545,7986,1183993,742,1071,112,0,15.09,0,0,2
"87年 2月",88861,1885773,9061,1777831,1110,3360,192,0,17.30,0,0,1
"87年 3月",88984,1882254,11331,1988188,1154,3402,239,0,20.71,0,0,2
"87年 4月",88957,1893028,9501,1634122,929,3595,220,0,23.68,0,0,2
"87年 5月",89190,1896183,8797,1355214,1104,2847,221,0,20.02,0,0,1
"87年 6月",89312,1895703,9736,1648511,1583,3721,258,0,16.30,0,0,2
"87年 7月",89338,1914142,10034,1885334,1992,2190,273,0,13.70,0,0,2
"87年 8月",89399,1916144,8995,1618735,1906,2377,320,0,16.79,0,0,4
"87年 9月",89519,1924728,9052,1428814,1951,1862,334,0,17.12,0,0,7
"87年 10月",89704,1930461,8570,1411546,1550,1932,289,0,18.65,0,0,1
"87年 11月",89724,1932525,8277,1363082,1376,1642,208,0,15.12,0,0,3
"87年 12月",89654,1933875,8833,1399225,1364,1643,246,0,18.04,0,0,0
"88年 1月",89699,1941311,9674,1899879,1575,1919,237,0,15.05,0,3,3
"88年 2月",89786,1926860,7579,1563543,1100,1743,189,0,17.18,0,1,1
"88年 3月",89756,1916868,11303,1917141,2278,3285,378,0,16.59,0,0,0
"88年 4月",89951,1915832,10773,1962933,1650,3294,345,0,20.91,0,1,1
"88年 5月",90089,1913858,11269,1789464,1772,3031,356,0,20.09,0,0,0
"88年 6月",90247,1914731,10004,1568462,1801,2382,352,0,19.54,0,2,2
"88年 7月",90428,1933935,12349,2458697,2167,2970,346,0,15.97,0,5,5
"88年 8月",90554,1935428,10918,1891638,2546,3527,382,0,15.00,0,0,0
"88年 9月",90671,1942683,9472,1455526,2028,2379,298,0,14.69,0,2,2
"88年 10月",91001,1956482,11253,1747193,2231,2321,359,0,16.09,0,3,3
"88年 11月",91187,1963904,11525,1719825,1799,2073,313,0,17.40,0,1,1
"88年 12月",91173,1967527,11070,1537529,1552,2272,248,0,15.98,0,2,2
"89年 1月",91336,1980531,12731,2350490,1338,1509,178,0,13.30,0,3,3
"89年 2月",91240,1970077,8673,1396966,1162,2581,195,0,16.78,0,3,1
"89年 3月",91393,1975209,12870,1959329,1776,3651,296,0,16.67,0,2,2
"89年 4月",91546,1981278,10980,1804148,1212,2470,253,0,20.87,0,1,1
"89年 5月",91756,1987806,12092,1663298,1576,2990,280,0,17.77,0,2,1
"89年 6月",91915,2002244,10806,1595536,1661,2865,332,0,19.99,0,3,3
"89年 7月",92302,2028515,11475,2182739,1797,2023,279,0,15.53,0,4,4
"89年 8月",92439,2033914,11262,1840138,1861,2821,265,0,14.24,0,2,3
"89年 9月",92632,2039874,11431,1781116,2142,3866,328,0,15.31,0,2,2
"89年 10月",92925,2047432,12064,1910130,2329,3716,433,0,18.59,0,2,2
"89年 11月",93068,2051313,12706,1880263,2640,4109,468,0,17.73,0,0,0
"89年 12月",93216,2054020,12708,1849794,1588,2126,254,0,15.99,0,1,1
"90年 1月",93149,2048698,12482,2113860,2117,3345,332,0,15.68,0,2,5
"90年 2月",93132,2041534,14530,2134232,2614,3821,433,0,16.56,0,1,1
"90年 3月",93143,2048698,19473,2620138,2762,4361,665,0,24.08,0,1,1
"90年 4月",93359,2046384,15740,2169813,3126,4710,607,0,19.42,0,4,4
"90年 5月",93246,2044190,20118,2296939,4129,6868,742,0,17.97,0,1,1
"90年 6月",93442,2048533,17277,1968353,4235,3093,921,0,21.75,0,1,1
"90年 7月",93525,2052515,19255,2946680,5325,4993,886,0,16.64,0,0,0
"90年 8月",93648,2048647,20424,2709577,5978,6614,1008,0,16.86,0,6,6
"90年 9月",93650,2046346,17746,2032984,4380,4601,914,0,20.87,0,2,2
"90年 10月",93504,2037172,24040,2440607,7541,5468,1458,0,19.33,0,1,1
"90年 11月",93496,2032683,28940,3133855,6638,5213,1293,0,19.48,0,2,2
"90年 12月",93367,2025409,25519,2607155,6932,5788,1566,0,22.59,0,0,0
"91年 1月",93268,2026412,30580,5246002,6654,5272,1408,0,21.16,0,2,2
"91年 2月",93292,2015698,23588,3633770,4409,4114,980,0,22.23,0,0,0
"91年 3月",93187,2007506,33564,4214304,6632,7230,1527,0,23.02,0,0,0
"91年 4月",93258,2002771,29813,3636948,5671,5717,1716,0,30.26,0,2,2
"91年 5月",93467,2008925,31353,3395533,5681,5883,1518,0,26.72,0,1,1
"91年 6月",93546,2015815,24129,2577873,4869,5001,1307,0,26.84,0,2,2
"91年 7月",93588,2029040,27068,3469850,6573,5850,2048,0,31.16,0,3,3
"91年 8月",93867,2035634,22412,3233925,5142,4212,1695,0,32.96,0,4,4
"91年 9月",93914,2031310,23300,2677989,4364,3109,1131,0,25.92,0,1,1
"91年 10月",93960,2033730,22350,3030617,5189,4630,1318,0,25.40,0,2,2
"91年 11月",94017,2040160,21489,2952345,5306,5875,1315,0,24.78,0,1,1
"91年 12月",93837,2029029,22247,2799372,6389,10753,1847,0,28.91,0,0,0
"92年 1月",93775,2032043,10500,3731480,4792,7402,2275,0,47.47,0,0,0
"92年 2月",93179,1994026,8013,2391769,4383,6393,1287,0,29.36,0,0,0
"92年 3月",93227,1988701,10367,2729886,5277,7468,1608,0,30.47,0,1,1
"92年 4月",93281,1988374,10458,2748421,4437,9437,1388,0,31.28,0,4,3
"92年 5月",93434,1993655,5729,1718446,3171,5036,635,0,20.03,0,1,1
"92年 6月",93466,1986865,9966,3176192,5079,7231,1052,0,20.71,0,3,3
"92年 7月",93529,1999085,10185,3607363,6347,8056,1627,0,25.63,0,2,2
"92年 8月",93601,2007937,8549,3241471,5187,6040,1220,0,23.52,0,3,3
"92年 9月",93674,2009981,8848,2648044,4876,6475,1309,0,26.85,0,2,2
"92年 10月",93794,2015400,9296,2611270,6132,6967,1285,0,20.96,0,2,3
"92年 11月",94071,2027735,9254,2445813,4374,7079,1079,0,24.67,0,0,0
"92年 12月",94251,2020263,9051,2281726,4698,6195,692,0,14.73,0,2,2
"93年 1月",94328,2019862,8740,3437705,3267,3212,592,0,18.12,0,1,1
"93年 2月",94569,2019685,9432,2926647,3975,7814,680,0,17.11,0,0,0
"93年 3月",94807,2022567,10623,2903200,4908,7708,1133,0,23.08,0,2,5
"93年 4月",95125,2030390,10345,2859685,4094,7343,1083,0,26.45,0,1,1
"93年 5月",95371,2029776,8980,2599677,3373,4494,333,853,9.87,18.98,1,1
"93年 6月",95461,2036420,8943,2658164,3898,8187,892,1173,22.88,14.33,1,1
"93年 7月",95713,2055449,10771,3941620,3851,3052,1152,656,29.91,21.49,2,2
"93年 8月",95857,2049983,9263,3092367,3911,3194,1109,610,28.36,19.10,3,4
"93年 9月",96129,2056672,9803,2744956,4696,3477,1440,800,30.66,23.01,1,1
"93年 10月",96469,2068514,9097,2616701,3726,3673,1982,1614,53.19,43.94,1,1
"93年 11月",96612,2071952,9961,2777328,4317,5522,2571,2173,59.56,39.35,0,0
"93年 12月",96664,2061536,10255,3220399,3929,4143,2241,2523,57.04,60.90,1,1
"94年 1月",96603,2066922,11283,4439176,3284,3410,1399,1376,42.60,40.35,1,1
"94年 2月",96762,2059148,6752,2235612,3106,2613,980,1054,31.55,40.34,1,1
"94年 3月",96877,2051783,11414,4134034,4929,4331,1268,1988,25.73,45.90,2,2
"94年 4月",97155,2063904,10538,3901305,4059,3005,1138,1690,28.04,56.24,1,1
"94年 5月",97310,2057566,11767,4261543,3469,5517,1226,1660,35.34,30.09,4,4
"94年 6月",97070,2048312,11352,4170182,5051,9306,2092,3604,41.42,38.73,4,4
"94年 7月",97817,2095177,9762,4544392,5418,8825,2182,3380,40.27,38.30,1,1
"94年 8月",98644,2096100,11533,4274395,4147,7814,1658,3417,39.98,43.73,4,4
"94年 9月",98984,2099230,9746,2984768,4010,9125,1436,3689,35.81,40.43,2,2
"94年 10月",99244,2104242,9292,2945293,3504,6403,1328,1854,37.90,28.96,3,3
"94年 11月",99526,2108091,9902,3004859,3629,4630,1329,1252,36.62,27.04,1,1
"94年 12月",99561,2100589,9694,2868420,3109,2777,1135,1609,36.51,57.94,3,3
"95年 1月",99706,2103496,9564,3402736,3003,4957,939,590,31.27,11.90,0,0
"95年 2月",99751,2095102,7361,2484991,3900,5651,1341,927,34.38,16.40,4,3
"95年 3月",99914,2089230,11204,3646468,4967,6379,2053,1315,41.33,20.61,0,0
"95年 4月",100029,2094982,9029,3265091,4550,5706,2256,1226,49.58,21.49,1,1
"95年 5月",100050,2090958,9853,3314669,4836,6835,2208,1112,45.66,16.27,1,1
"95年 6月",100011,2087590,10255,3391490,4724,7207,2315,1350,49.01,18.73,4,4
"95年 7月",100045,2099623,10373,3946542,4793,5232,2355,1368,49.13,26.15,5,5
"95年 8月",100031,2098285,10730,3588937,4744,5727,2131,1263,44.92,22.05,4,3
"95年 9月",100073,2108197,9872,3492350,4475,4668,2022,1839,45.18,39.40,3,3
"95年 10月",100128,2103704,9327,3005402,4931,5592,2326,2150,47.17,38.45,2,2
"95年 11月",100200,2105732,10305,3331129,4816,5265,2671,2118,55.46,40.23,3,3
"95年 12月",100058,2113350,9527,2923069,4159,3440,1613,1641,38.78,47.70,4,4
"96年 1月",99947,2117941,11554,4503505,4998,3563,2149,1356,43.00,38.06,4,4
"96年 2月",99944,2107105,7064,2280816,3468,2347,1397,1182,40.28,50.36,2,2
"96年 3月",99891,2106419,10673,3745770,5547,5726,2482,1831,44.74,31.98,3,3
"96年 4月",99945,2102210,9846,3679483,4840,5194,2166,1792,44.75,34.50,1,1
"96年 5月",100034,2111254,11698,3964811,5206,4473,2442,1929,46.91,43.13,5,5
"96年 6月",100001,2115634,9399,3342104,3910,4958,1768,1280,45.22,25.82,3,3
"96年 7月",99972,2130688,11100,4471854,4359,4194,1747,1217,40.08,29.02,3,3
"96年 8月",99994,2132979,11341,4112968,4212,3826,1687,757,40.05,19.79,1,1
"96年 9月",100004,2142191,8547,3037498,3643,5622,1522,1138,41.78,20.24,1,1
"96年 10月",100075,2138586,11155,3895216,4766,3101,1694,1042,35.54,33.60,3,3
"96年 11月",100071,2144053,10659,3564291,4475,4767,1590,573,35.53,12.02,2,2
"96年 12月",99891,2127034,10627,3721697,4875,3154,1490,1275,30.56,40.42,1,0
"97年 1月",99805,2137428,14634,6797829,4397,2429,1398,487,31.79,20.05,0,0
"97年 2月",99667,2124110,8200,3487673,3982,2444,1345,371,33.78,15.18,0,0
"97年 3月",99628,2122330,12742,5695903,5453,3680,2131,943,39.08,25.63,1,1
"97年 4月",99629,2123772,13354,7054341,4342,2955,1800,1231,41.46,41.66,1,1
"97年 5月",99558,2127198,13722,7502111,4775,3385,2185,1552,45.76,45.85,4,5
"97年 6月",99353,2115829,13937,7992965,5012,5445,2273,2027,45.35,37.23,3,3
"97年 7月",99300,2127637,16475,10652917,5109,3319,1999,1824,39.13,54.96,4,4
"97年 8月",99284,2127141,13621,7333680,5413,2923,1951,1720,36.04,58.84,2,2
"97年 9月",99198,2127888,12873,6197588,5740,3046,2173,1461,37.86,47.96,2,2
"97年 10月",99098,2136437,13892,6578272,6651,2727,1992,1817,29.95,66.63,2,2
"97年 11月",99009,2135333,10920,3834416,6746,3506,1799,1666,26.67,47.52,2,2
"97年 12月",98631,2109149,13461,5991474,8061,4459,1719,1139,21.32,25.54,2,2
"98年 1月",98611,2114934,12434,4572012,6206,3224,1101,1041,17.74,32.29,2,2
"98年 2月",98589,2106054,10723,1893767,9213,5757,2210,1862,23.99,32.34,0,0
"98年 3月",98510,2098890,13983,2664718,9081,4681,2696,2255,29.69,48.17,0,0
"98年 4月",98655,2099821,11446,2314415,7235,4539,2666,1578,36.85,34.77,1,1
"98年 5月",98828,2101893,8424,1676912,7244,3623,2803,2251,38.69,62.13,3,3
"98年 6月",98826,2093965,10225,1935764,7215,5806,2727,1808,37.80,31.14,1,1
"98年 7月",99059,2110867,11202,2414005,7728,3662,2831,1904,36.63,51.99,0,0
"98年 8月",99254,2116492,8787,1826406,6827,2373,2682,1311,39.29,55.25,3,3
"98年 9月",99434,2131890,9830,1971966,7375,4539,3348,1741,45.40,38.36,3,3
"98年 10月",99648,2143424,9791,2077838,8386,5276,4012,3070,47.84,58.19,1,1
"98年 11月",99807,2137385,9400,1913842,7771,4047,3643,1675,46.88,41.39,0,0
"98年 12月",99796,2127947,10679,2128715,7506,4509,3225,1517,42.97,33.64,2,2
"99年 1月",100101,2147387,9060,1920980,6940,4441,2593,1602,37.36,36.07,0,0
"99年 2月",100130,2136735,7300,1310933,6197,3002,2423,1906,39.10,63.49,1,0
"99年 3月",100312,2136050,10293,2054907,7204,5561,3581,1961,49.71,35.26,5,5
"99年 4月",100538,2148094,9834,2125577,8700,4778,3951,2558,45.41,53.54,1,1
"99年 5月",100725,2152234,9159,1913331,7235,4756,2691,1983,37.19,41.69,1,1
"99年 6月",100772,2149635,8961,2011547,7252,7896,2570,1826,35.44,23.13,0,0
"99年 7月",101084,2167804,9378,2253480,6184,4521,2446,2205,39.55,48.77,0,0
"99年 8月",101250,2162788,9084,1986653,4916,4220,1873,1996,38.10,47.30,1,1
"99年 9月",101514,2177967,8857,1784119,5076,5659,1800,1988,35.46,35.13,0,0
"99年 10月",101803,2193799,8900,1925076,5152,4477,1896,1835,36.80,40.99,1,1
"99年 11月",101895,2197945,9097,1789516,4670,4941,2916,2918,62.44,59.06,2,2
"99年 12月",101857,2189102,9845,2020066,4345,8701,2163,1517,49.78,17.43,3,3
"100年 1月",101979,2199596,9302,2140502,3895,3439,1777,1818,45.62,52.86,0,0
"100年 2月",102157,2199128,6607,1248228,3730,4506,1473,1337,39.49,29.67,3,3
"100年 3月",102161,2198974,10364,2123358,4941,8372,2271,2243,45.96,26.79,1,1
"100年 4月",102400,2214378,9258,1953746,4935,2330,2118,1812,42.92,77.77,2,2
"100年 5月",102568,2209938,10676,1947590,4627,3802,2102,2605,45.43,68.52,2,2
"100年 6月",102699,2196921,9382,1941613,4668,17690,2372,2201,50.81,12.44,2,2
"100年 7月",102969,2227578,9891,2192596,5274,3945,2957,2455,56.07,62.23,2,2
"100年 8月",103133,2222999,10550,2090080,7960,4878,5273,2500,66.24,51.25,3,3
"100年 9月",103262,2238892,8994,1855843,7465,6138,5006,3134,67.06,51.06,0,0
"100年 10月",103508,2248231,29415,1897634,5388,7810,3388,4142,62.88,53.03,0,0
"100年 11月",103734,2253351,10231,1904110,4699,5301,2464,2790,52.44,52.63,3,3
"100年 12月",103628,2248235,10257,1984853,3643,6975,1284,2129,35.25,30.52,1,1
"101年 1月",103593,2234862,7756,1633030,3611,4109,1604,1285,44.42,31.27,1,1
"101年 2月",103703,2238151,9438,1826148,4342,5634,1842,1822,42.42,32.34,0,0
"101年 3月",103903,2253581,11271,2235493,4793,9234,2204,1997,45.98,21.63,1,1
"101年 4月",104121,2252305,9742,2016441,4416,5401,1759,4264,39.83,78.95,2,2
"101年 5月",104280,2254719,11092,2247519,4871,8152,2084,3132,42.78,38.42,2,2
"101年 6月",104344,2259509,9617,2051453,4259,5791,2100,3956,49.31,68.31,2,2
"101年 7月",104411,2269580,10655,2495257,5307,5729,2391,3276,45.05,57.18,3,3
"101年 8月",104554,2263522,10636,2411495,5789,5486,2393,3360,41.34,61.25,1,1
"101年 9月",104719,2279414,10125,2390275,4928,5617,2241,3200,45.47,56.97,1,1
"101年 10月",104582,2272295,12798,4958051,4984,5924,2420,3804,48.56,64.21,0,0
"101年 11月",104429,2269427,16050,9632593,4923,7223,2279,3495,46.29,48.39,1,1
"101年 12月",104088,2248804,14322,7931054,4165,4757,2998,2315,71.98,48.67,1,1
"102年 1月",104039,2254280,16204,7232147,4635,4672,2110,3044,45.52,65.15,2,2
"102年 2月",104074,2238873,8325,2583429,3029,8854,1073,1453,35.42,16.41,1,1
"102年 3月",104212,2238245,11893,3449190,4719,5264,2389,2965,50.63,56.33,0,0
"102年 4月",104373,2234471,11046,3409973,3687,6032,1899,3404,51.51,56.43,0,0
"102年 5月",104454,2233191,11468,3452694,4123,7120,2111,3869,51.20,54.34,0,0
"102年 6月",104587,2225673,8962,2412526,3700,10001,1705,2843,46.08,28.43,0,0
"102年 7月",104682,2246014,10650,3117091,4273,5717,2184,3254,51.11,56.92,2,2
"102年 8月",104877,2247137,9511,2335221,3968,7513,1927,2890,48.56,38.47,1,1
"102年 9月",104862,2252499,9397,2322796,4081,4898,2049,2866,50.21,58.51,3,3
"102年 10月",104961,2259182,10624,2676742,3996,5976,1836,2479,45.95,41.48,1,1
"102年 11月",105186,2265622,9401,2187137,3933,5773,1708,2490,43.43,43.13,1,1
"102年 12月",104938,2263359,10050,2191063,3022,5654,1119,2086,37.03,36.89,0,0
"103年 1月",105063,2269849,9459,2333480,3473,4970,1430,2297,41.17,46.22,0,0
"103年 2月",105199,2260920,7040,1539036,3206,5236,1496,2387,46.66,45.59,2,2
"103年 3月",105273,2259408,11093,2510370,3845,7447,1876,3842,48.79,51.59,2,2
"103年 4月",105557,2265964,10409,2534667,3908,7915,1951,3286,49.92,41.52,1,1
"103年 5月",105679,2270288,10482,2351673,3535,8044,2060,5126,58.27,63.72,1,1
"103年 6月",105857,2261041,9404,2139877,3581,9644,1796,4986,50.15,51.70,1,1
"103年 7月",106032,2288749,10615,2442272,3992,6151,2069,4425,51.83,71.94,2,2
"103年 8月",106251,2287224,10040,2334485,4311,5461,1875,3138,43.49,57.46,1,1
"103年 9月",106385,2299033,10446,2285695,4121,7940,1639,2810,39.77,35.39,0,0
"103年 10月",106513,2310879,10703,2478587,3686,6139,1584,3087,42.97,50.29,3,3
"103年 11月",106666,2317263,9586,2048963,3767,14373,1708,3683,45.34,25.62,2,2
"103年 12月",106433,2301725,10867,2334294,3340,4978,1404,2731,42.04,54.86,0,0
"104年 1月",106526,2313985,9946,2445244,4158,4407,2076,2800,49.93,63.54,3,3
"104年 2月",106715,2299469,7457,1507565,2910,4191,1345,1993,46.22,47.55,4,0
"104年 3月",106792,2299791,11385,2465047,4425,8174,2422,5994,54.73,73.33,4,3
"104年 4月",107024,2305233,10411,2588041,3294,7249,1834,5606,55.68,77.33,2,1
"104年 5月",107317,2308053,9906,2396300,3742,6326,2136,4152,57.08,65.63,5,3
"104年 6月",107314,2294601,9829,2337105,3992,12300,2385,8246,59.74,67.04,2,1
"104年 7月",107532,2326093,10801,2944516,3768,4903,1903,4511,50.50,92.00,5,3
"104年 8月",107667,2322943,9674,2447303,3946,7034,1640,3063,41.56,43.55,4,3
"104年 9月",107813,2338917,9692,2309177,3861,5273,2208,4687,57.19,88.89,3,3
"104年 10月",107949,2353065,10393,2697761,4296,9351,1779,7572,41.41,80.98,5,4
"104年 11月",108039,2359509,10035,2338619,3899,8319,1950,3987,50.01,47.93,1,0
"104年 12月",107763,2342920,10636,2468316,4299,6098,1978,6092,46.01,99.90,0,0
"105年 1月",107844,2349366,10648,2874711,4938,8100,2872,4108,58.16,50.72,2,1
"105年 2月",107950,2341346,6796,1477947,3750,9786,1812,2944,48.32,30.08,1,0
"105年 3月",107947,2348509,12366,3003672,6329,8388,3639,5263,57.50,62.74,0,0
"105年 4月",108023,2358362,10358,2720684,4864,12001,2776,5399,57.07,44.99,2,2
"105年 5月",108103,2357653,11000,2709363,4517,7810,2461,5309,54.48,67.98,1,1
"105年 6月",108113,2335184,9911,2664983,4600,7078,2520,5395,54.78,76.22,2,2
"105年 7月",108206,2354933,10097,2774071,4150,10446,1795,4657,43.25,44.58,1,0
"105年 8月",108362,2349195,11280,2778034,5059,7376,2750,5050,54.36,68.47,2,2
"105年 9月",108512,2362880,8986,2342664,4006,6263,2101,4930,52.45,78.72,1,1
"105年 10月",108608,2369809,10531,2642752,4035,7719,2416,4496,59.88,58.25,3,2
"105年 11月",108649,2376435,10599,2518943,4342,7008,2852,5884,65.68,83.96,0,0
"105年 12月",108517,2362347,10622,2791624,4061,5991,1652,4689,40.68,78.27,1,1
"106年 1月",108480,2359384,9208,2849438,3806,7598,1771,4340,46.53,57.12,0,0
"106年 2月",108597,2362557,9476,2763244,3930,11678,2063,4107,52.49,35.17,1,1
"106年 3月",108568,2368905,12794,3902218,5586,15871,3438,6966,61.55,43.89,2,2
"106年 4月",108761,2372635,9741,3021843,4273,11010,2680,6044,62.72,54.90,2,1
"106年 5月",108815,2369174,10603,3308223,4383,11383,2734,5397,62.38,47.41,2,1
"106年 6月",108869,2350696,11063,3567567,4784,12677,3044,6946,63.63,54.79,2,1
"106年 7月",109054,2373732,10659,3600773,4910,12394,3265,6799,66.50,54.86,4,4
"106年 8月",109172,2377418,11341,3262586,5730,12352,3718,6040,64.89,48.90,2,2
"106年 9月",109383,2387633,10504,2913931,4392,9516,2809,5797,63.96,60.92,0,0
"106年 10月",109498,2394641,9194,2638121,4087,12833,2390,4684,58.48,36.50,0,0
"106年 11月",109488,2400506,10663,2819451,4834,10183,2612,5509,54.03,54.10,0,0
"106年 12月",109240,2380493,9949,2455929,4128,7787,2237,4471,54.19,57.42,4,2
"107年 1月",109360,2386253,10881,3073234,5239,11973,2408,4116,45.96,34.38,2,1
"107年 2月",109391,2375624,7184,1699600,3282,3722,1659,2995,50.55,80.47,1,1
"107年 3月",109532,2384868,11689,3004709,6200,8064,3805,4480,61.37,55.56,1,1
"107年 4月",109602,2386033,8823,2483481,4971,5794,2499,3626,50.27,62.58,3,2
"107年 5月",109746,2387435,11103,3070928,5895,9620,3522,4590,59.75,47.71,1,1
"107年 6月",109772,2372582,9037,2410644,5356,9776,2883,5527,53.83,56.54,1,1
"107年 7月",109955,2387840,10422,3107676,5955,10001,2794,4851,46.92,48.51,1,1
"107年 8月",110195,2395299,11656,3099831,6409,13482,3525,7086,55.00,52.56,2,2
"107年 9月",110336,2406591,8746,2371747,5478,9049,2632,6417,48.05,70.91,2,2
"107年 10月",110392,2418364,10653,2864243,5156,10640,2261,5284,43.85,49.66,0,0
"107年 11月",110451,2425503,9992,2478598,4214,9133,2369,7190,56.22,78.73,3,2
"107年 12月",110251,2404700,9602,2365381,3860,7136,2749,5271,71.22,73.86,1,1
"108年 1月",110150,2411046,10891,2910648,4865,8612,2851,4796,58.60,55.69,2,2
"108年 2月",110170,2402576,7773,2004943,3953,11011,2748,5225,69.52,47.45,0,0
"108年 3月",110196,2406504,10283,3067994,4754,11694,3250,4856,68.36,41.53,1,1
"108年 4月",110405,2408423,9779,2890687,4833,9234,3775,7511,78.11,81.34,0,0
"108年 5月",110516,2410704,10842,3126081,4092,8583,3057,4860,74.71,56.62,0,0
"108年 6月",110704,2393095,8764,2497561,3748,10050,2633,4346,70.25,43.24,1,1
"108年 7月",110849,2412701,10956,3143164,5457,10346,3672,6522,67.29,63.04,2,2
"108年 8月",111023,2413998,9756,2550951,4390,12612,3167,4954,72.14,39.28,5,4
"108年 9月",111183,2435845,8714,2193916,4823,8133,3257,7097,67.53,87.26,2,1
"108年 10月",111214,2440651,10604,2678675,4958,8280,3387,4790,68.31,57.85,1,1
"108年 11月",111323,2450610,9677,2193551,4305,9230,2819,5015,65.48,54.33,4,3
"108年 12月",111086,2434743,10326,2456645,3942,6252,2355,3699,59.74,59.17,3,2
"109年 1月",111163,2417849,8248,2206137,4206,6958,2207,6153,52.47,88.43,1,1
"109年 2月",111079,2415449,9992,2311411,4944,10254,2753,4510,55.68,43.98,1,1
"109年 3月",110990,2414022,10312,2921372,6076,11447,3508,4193,57.74,36.63,0,0
"109年 4月",111064,2417085,9024,2658329,7827,9733,3147,4331,40.21,44.50,1,0
"109年 5月",111138,2410923,8934,2450161,7749,15280,4559,5480,58.83,35.86,2,1
"109年 6月",111046,2393914,8677,2542508,6448,9010,3737,5196,57.96,57.67,1,1
"109年 7月",111238,2400208,9969,3153436,6360,12579,4110,5607,64.62,44.57,1,1
"109年 8月",111308,2402994,9023,2471939,6474,13615,4888,7256,75.50,53.29,3,2
"109年 9月",111419,2419078,9979,3520315,6398,10355,4852,6073,75.84,58.65,4,3
"109年 10月",111497,2429737,8895,3092131,5055,10702,3652,5539,72.25,51.76,2,2
"109年 11月",111538,2434970,9998,2775193,5179,10240,4020,5675,77.62,55.42,2,2
"109年 12月",111258,2415919,10267,2649685,4557,7520,3713,6106,81.48,81.20,0,0
"110年 1月",111385,2420232,8698,2570779,5144,14565,3073,4383,59.74,30.09,3,4
"110年 2月",111336,2411176,7841,1869065,3782,8553,2349,3664,62.11,42.84,0,0
"110年 3月",111474,2415585,10417,3143159,6424,11961,4462,6388,69.46,53.41,0,0
"110年 4月",111763,2422358,9598,2884633,6234,9312,3879,5453,62.22,58.56,1,0
"110年 5月",111847,2409081,8588,2294059,5414,7312,3826,4895,70.67,66.94,1,1
"110年 6月",111720,2390520,7572,1835113,4666,10838,1962,1043,42.05,9.62,0,0
"110年 7月",111719,2389988,9064,2672151,4806,6957,2292,1706,47.69,24.52,2,2
"110年 8月",111625,2396946,9704,2667134,6342,15514,2981,2378,47.00,15.33,0,0
"110年 9月",111756,2412597,8787,2435931,5367,9395,3530,3707,65.77,39.46,1,1
"110年 10月",111859,2426636,8850,2547987,4823,9491,2810,3409,58.26,35.92,0,0
"110年 11月",111859,2436572,9833,2360303,4887,10514,2809,4061,57.48,38.62,0,0
"110年 12月",111708,2425068,9432,2227299,4618,8253,3149,4931,68.19,59.75,1,1
"111年 1月",111761,2423999,9520,2484871,4811,13120,2954,4555,61.40,34.72,2,1
"111年 2月",111823,2419420,6915,1636303,4672,10773,2129,2190,45.57,20.33,1,1
"111年 3月",111781,2428421,10207,2887507,5148,11201,3389,4163,65.83,37.17,1,1
"111年 4月",111996,2434687,8058,2275323,4874,11615,3399,5368,69.74,46.22,0,0
"111年 5月",109889,2347557,8458,2211698,7696,12956,4603,5154,59.81,39.78,1,1
"111年 6月",109892,2327565,18185,2022579,4807,11495,3273,5063,68.09,44.05,4,3
"111年 7月",109929,2342005,28434,2448361,4506,13709,2864,3981,63.56,29.04,2,2
"111年 8月",109984,2346650,70068,2580390,4482,11967,2845,5753,63.48,48.07,4,4
"111年 9月",110096,2361396,71554,2274063,4257,10006,3144,5376,73.85,53.73,1,1
"111年 10月",110085,2373412,56811,2230172,3989,10928,2585,3556,64.80,32.54,1,1
"111年 11月",110104,2383067,58707,2224797,4450,9961,2925,4426,65.73,44.43,2,2
"111年 12月",109992,2368808,57165,2211258,4019,7277,2260,4061,56.23,55.81,3,2
"112年 1月",109859,2353928,24510,1579533,4257,10227,2240,3680,52.62,35.98,1,1
"112年 2月",109988,2359312,32964,2276152,4739,11803,3254,4297,68.66,36.41,0,0
"112年 3月",110069,2370626,36096,2912623,5751,14765,5126,6863,89.13,46.48,1,1
"112年 4月",110215,2374055,28651,2319273,4815,11940,4266,5642,88.60,47.25,1,0
"112年 5月",110231,2370287,38311,2719289,6675,13142,5954,7083,89.20,53.90,2,2
"112年 6月",110270,2354948,16137,2288697,5437,13005,4617,6518,84.92,50.12,0,0
"112年 7月",110369,2367799,12674,2572677,5911,16616,4690,6962,79.34,41.90,4,4
"112年 8月",110431,2366286,11676,2407072,5955,11974,4993,5083,83.85,42.45,3,2
"112年 9月",110531,2381623,9231,2114448,5540,12056,4828,6579,87.15,54.57,0,0
"112年 10月",110492,2389180,9476,1922220,5236,12879,4574,4588,87.36,35.62,2,2
"112年 11月",110505,2391686,9445,2082122,4902,11458,4264,5765,86.98,50.31,1,0
"112年 12月",110434,2374542,8848,1876100,5332,8849,4018,4689,75.36,52.99,1,1
"113年 1月",110417,2380499,9801,2303220,6231,13881,4610,5685,73.98,40.96,0,0
"113年 2月",110311,2370632,7269,1387678,5376,14726,4140,3586,77.01,24.35,0,0
"113年 3月",110457,2375145,9549,2327338,6305,12379,5335,5765,84.62,46.57,3,3
"113年 4月",110672,2382411,8938,2256703,5782,14504,4800,5658,83.02,39.01,0,0
"113年 5月",110821,2380566,9615,2459704,11004,14419,9691,7564,88.07,52.46,2,2
"113年 6月",110971,2362152,7933,1950128,11055,10672,9284,5495,83.98,51.49,2,0
"113年 7月",111063,2380558,9086,2378701,7622,16011,7357,9628,96.52,60.13,1,0
"113年 8月",111177,2378917,9481,2308980,5381,17011,5557,5736,103.27,33.72,3,3
"113年 9月",111277,2398500,8241,2017267,5616,13197,4635,16638,82.53,126.07,1,0
"113年 10月",111343,2413145,8400,1932633,4711,12699,4356,7966,92.46,62.73,0,0
"113年 11月",111352,2421142,8882,1900608,4795,13073,4357,7964,90.87,60.92,1,1
"113年 12月",110977,2407341,8354,1963778,4709,9781,4169,8433,88.53,86.22,3,2
"114年 1月",110929,2404218,7369,1678029,4783,14571,3663,7137,76.58,48.98,2,2
"114年 2月",110816,2400695,9132,1993814,5650,11821,4775,6888,84.51,58.27,0,0
"114年 3月",110710,2407265,8756,2390703,6032,11059,4950,14605,82.06,132.06,4,3
"114年 4月",110801,2414597,8248,2353889,5718,11399,4628,8470,80.94,74.30,2,2
"114年 5月",110978,2410084,7964,2022266,7829,12468,7463,6963,95.33,55.85,2,2
"114年 6月",111085,2393325,8473,2497956,5498,11737,4430,9786,80.57,83.38,2,2
"114年 7月",111360,2405676,8931,2672400,8540,15822,7792,7110,91.24,44.94,1,1
"114年 8月",111570,2397060,7826,2142403,5351,12229,4971,5721,92.90,46.78,2,2
"114年 9月",111655,2421262,7677,2077816,5424,11478,4532,13901,83.55,121.11,2,2
"114年 10月",111574,2426375,7781,2006617,6012,13255,4804,8412,79.91,63.46,1,0
"114年 11月",111580,2428169,7228,1813209,4522,12244,4384,7643,96.95,62.42,1,2
"114年 12月",111152,2411052,8245,2087603,4453,8477,3898,7716,87.54,91.02,2,2
"115年 1月",111303,2420505,8036,2132816,5754,14071,4276,6825,74.31,48.50,1,1
"115年 2月",111286,2404565,5465,1176066,3688,9616,2981,5006,80.83,52.06,1,1

